{"cameraMode":{"drawMode":0,"name":"Shaded","section":"Shading Mode"},"sceneLighting":true,"audioPlay":false,"sceneViewState":{"m_AlwaysRefresh":true,"showFog":true,"showSkybox":true,"showFlares":true,"showImageEffects":true,"showParticleSystems":true,"showVisualEffectGraphs":true,"m_FxEnabled":true},"in2DMode":false,"pivot":{"x":-0.12024581432342529,"y":11.303061485290528,"z":5.150617599487305},"rotation":{"x":-0.04046143218874931,"y":-0.9099652767181397,"z":0.4024401903152466,"w":-0.09148786216974259},"size":2.792552947998047,"orthographic":false}