{"cameraMode":{"drawMode":0,"name":"Shaded","section":"Shading Mode"},"sceneLighting":true,"audioPlay":false,"sceneViewState":{"m_AlwaysRefresh":false,"showFog":true,"showSkybox":true,"showFlares":true,"showImageEffects":true,"showParticleSystems":true,"showVisualEffectGraphs":true,"m_FxEnabled":true},"in2DMode":false,"pivot":{"x":0.5422825813293457,"y":1.3341090679168702,"z":0.4029121398925781},"rotation":{"x":0.24278202652931214,"y":-0.4150208830833435,"z":0.11593262851238251,"w":0.8691227436065674},"size":3.1807641983032228,"orthographic":true}